State,Geography Type,Year,Resident Population,Percent Change in Resident Population,Resident Population Density,Resident Population Density Rank
Alabama,State,1910,2138093,16.9,42.2,25.0
Alabama,State,1920,2348174,9.8,46.4,25.0
Alabama,State,1930,2646248,12.7,52.3,24.0
Alabama,State,1940,2832961,7.1,55.9,23.0
Alabama,State,1950,3061743,8.1,60.5,24.0
Alabama,State,1960,3266740,6.7,64.5,28.0
Alabama,State,1970,3444165,5.4,68,28.0
Alabama,State,1980,3893888,13.1,76.9,28.0
Alabama,State,1990,4040587,3.8,79.8,27.0
Alabama,State,2000,4447100,10.1,87.8,28.0
Alabama,State,2010,4779736,7.5,94.4,29.0
Alabama,State,2020,5024279,5.1,99.2,29.0
Alaska,State,1910,64356,1.2,0.1,52.0
Alaska,State,1920,55036,-14.5,0.1,52.0
Alaska,State,1930,59278,7.7,0.1,52.0
Alaska,State,1940,72524,22.3,0.1,52.0
Alaska,State,1950,128643,77.4,0.2,52.0
Alaska,State,1960,226167,75.8,0.4,52.0
Alaska,State,1970,300382,32.8,0.5,52.0
Alaska,State,1980,401851,33.8,0.7,52.0
Alaska,State,1990,550043,36.9,1,52.0
Alaska,State,2000,626932,14.0,1.1,52.0
Alaska,State,2010,710231,13.3,1.2,52.0
Alaska,State,2020,733391,3.3,1.3,52.0
Arizona,State,1910,204354,66.2,1.8,49.0
Arizona,State,1920,334162,63.5,2.9,49.0
Arizona,State,1930,435573,30.3,3.8,47.0
Arizona,State,1940,499261,14.6,4.4,47.0
Arizona,State,1950,749587,50.1,6.6,47.0
Arizona,State,1960,1302161,73.7,11.5,43.0
Arizona,State,1970,1770900,36.0,15.6,43.0
Arizona,State,1980,2718215,53.5,23.9,42.0
Arizona,State,1990,3665228,34.8,32.3,39.0
Arizona,State,2000,5130632,40.0,45.2,38.0
Arizona,State,2010,6392017,24.6,56.3,35.0
Arizona,State,2020,7151502,11.9,62.9,35.0
Arkansas,State,1910,1574449,20.0,30.3,30.0
Arkansas,State,1920,1752204,11.3,33.7,31.0
Arkansas,State,1930,1854482,5.8,35.6,32.0
Arkansas,State,1940,1949387,5.1,37.5,32.0
Arkansas,State,1950,1909511,-2.0,36.7,34.0
Arkansas,State,1960,1786272,-6.5,34.3,36.0
Arkansas,State,1970,1923295,7.7,37,37.0
Arkansas,State,1980,2286435,18.9,43.9,37.0
Arkansas,State,1990,2350725,2.8,45.2,37.0
Arkansas,State,2000,2673400,13.7,51.4,36.0
Arkansas,State,2010,2915918,9.1,56,36.0
Arkansas,State,2020,3011524,3.3,57.9,36.0
California,State,1910,2377549,60.1,15.3,38.0
California,State,1920,3426861,44.1,22,35.0
California,State,1930,5677251,65.7,36.4,31.0
California,State,1940,6907387,21.7,44.3,30.0
California,State,1950,10586223,53.3,68,22.0
California,State,1960,15717204,48.5,100.9,15.0
California,State,1970,19953134,27.0,128.1,15.0
California,State,1980,23667902,18.6,151.9,16.0
California,State,1990,29760021,25.7,191,14.0
California,State,2000,33871648,13.8,217.4,14.0
California,State,2010,37253956,10.0,239.1,13.0
California,State,2020,39538223,6.1,253.7,13.0
Colorado,State,1910,799024,48.0,7.7,42.0
Colorado,State,1920,939629,17.6,9.1,42.0
Colorado,State,1930,1035791,10.2,10,41.0
Colorado,State,1940,1123296,8.4,10.8,42.0
Colorado,State,1950,1325089,18.0,12.8,42.0
Colorado,State,1960,1753947,32.4,16.9,42.0
Colorado,State,1970,2207259,25.8,21.3,41.0
Colorado,State,1980,2889964,30.9,27.9,40.0
Colorado,State,1990,3294394,14.0,31.8,40.0
Colorado,State,2000,4301261,30.6,41.5,39.0
Colorado,State,2010,5029196,16.9,48.5,39.0
Colorado,State,2020,5773714,14.8,55.7,39.0
Connecticut,State,1910,1114756,22.7,230.2,6.0
Connecticut,State,1920,1380631,23.9,285.1,6.0
Connecticut,State,1930,1606903,16.4,331.8,6.0
Connecticut,State,1940,1709242,6.4,353,6.0
Connecticut,State,1950,2007280,17.4,414.5,6.0
Connecticut,State,1960,2535234,26.3,523.6,6.0
Connecticut,State,1970,3031709,19.6,626.1,6.0
Connecticut,State,1980,3107576,2.5,641.7,6.0
Connecticut,State,1990,3287116,5.8,678.8,6.0
Connecticut,State,2000,3405565,3.6,703.3,6.0
Connecticut,State,2010,3574097,4.9,738.1,6.0
Connecticut,State,2020,3605944,0.9,744.7,6.0
Delaware,State,1910,202322,9.5,103.8,11.0
Delaware,State,1920,223003,10.2,114.4,12.0
Delaware,State,1930,238380,6.9,122.3,12.0
Delaware,State,1940,266505,11.8,136.8,12.0
Delaware,State,1950,318085,19.4,163.2,11.0
Delaware,State,1960,446292,40.3,229,11.0
Delaware,State,1970,548104,22.8,281.3,9.0
Delaware,State,1980,594338,8.4,305,9.0
Delaware,State,1990,666168,12.1,341.9,9.0
Delaware,State,2000,783600,17.6,402.1,9.0
Delaware,State,2010,897934,14.6,460.8,8.0
Delaware,State,2020,989948,10.2,508,8.0
District of Columbia,State,1910,331069,18.8,"5,423.10",1.0
District of Columbia,State,1920,437571,32.2,"7,167.60",1.0
District of Columbia,State,1930,486869,11.3,"7,975.10",1.0
District of Columbia,State,1940,663091,36.2,"10,861.70",1.0
District of Columbia,State,1950,802178,21.0,"13,140.00",1.0
District of Columbia,State,1960,763956,-4.8,"12,513.90",1.0
District of Columbia,State,1970,756510,-1.0,"12,392.00",1.0
District of Columbia,State,1980,638333,-15.6,"10,456.20",1.0
District of Columbia,State,1990,606900,-4.9,"9,941.30",1.0
District of Columbia,State,2000,572059,-5.7,"9,370.60",1.0
District of Columbia,State,2010,601723,5.2,"9,856.50",1.0
District of Columbia,State,2020,689545,14.6,"11,280.00",1.0
Florida,State,1910,752619,42.4,14,40.0
Florida,State,1920,968470,28.7,18.1,38.0
Florida,State,1930,1468211,51.6,27.4,35.0
Florida,State,1940,1897414,29.2,35.4,33.0
Florida,State,1950,2771305,46.1,51.7,29.0
Florida,State,1960,4951560,78.7,92.3,19.0
Florida,State,1970,6789443,37.1,126.6,16.0
Florida,State,1980,9746324,43.6,181.8,13.0
Florida,State,1990,12937926,32.7,241.3,12.0
Florida,State,2000,15982378,23.5,298,10.0
Florida,State,2010,18801310,17.6,350.6,10.0
Florida,State,2020,21538187,14.6,401.4,10.0
Georgia,State,1910,2609121,17.7,45.4,23.0
Georgia,State,1920,2895832,11.0,50.4,21.0
Georgia,State,1930,2908506,0.4,50.6,26.0
Georgia,State,1940,3123723,7.4,54.3,27.0
Georgia,State,1950,3444578,10.3,59.9,27.0
Georgia,State,1960,3943116,14.5,68.6,26.0
Georgia,State,1970,4589575,16.4,79.8,26.0
Georgia,State,1980,5463105,19.0,95,24.0
Georgia,State,1990,6478216,18.6,112.6,23.0
Georgia,State,2000,8186453,26.4,142.3,20.0
Georgia,State,2010,9687653,18.3,168.4,20.0
Georgia,State,2020,10711908,10.6,185.6,19.0
Hawaii,State,1910,191909,24.6,29.9,31.0
Hawaii,State,1920,255912,33.4,39.8,28.0
Hawaii,State,1930,368336,43.9,57.3,21.0
Hawaii,State,1940,423330,14.9,65.9,20.0
Hawaii,State,1950,499794,18.1,77.8,19.0
Hawaii,State,1960,632772,26.6,98.5,17.0
Hawaii,State,1970,768561,21.5,119.7,17.0
Hawaii,State,1980,964691,25.5,150.2,17.0
Hawaii,State,1990,1108229,14.9,172.6,15.0
Hawaii,State,2000,1211537,9.3,188.6,15.0
Hawaii,State,2010,1360301,12.3,211.8,15.0
Hawaii,State,2020,1455271,7.0,226.6,15.0
Idaho,State,1910,325594,101.3,3.9,46.0
Idaho,State,1920,431866,32.6,5.2,46.0
Idaho,State,1930,445032,3.0,5.4,46.0
Idaho,State,1940,524873,17.9,6.4,46.0
Idaho,State,1950,588637,12.1,7.1,46.0
Idaho,State,1960,667191,13.3,8.1,47.0
Idaho,State,1970,712567,6.8,8.6,47.0
Idaho,State,1980,943935,32.5,11.4,45.0
Idaho,State,1990,1006749,6.7,12.2,46.0
Idaho,State,2000,1293953,28.5,15.7,46.0
Idaho,State,2010,1567582,21.1,19,46.0
Idaho,State,2020,1839106,17.3,22.3,46.0
Illinois,State,1910,5638591,16.9,101.6,12.0
Illinois,State,1920,6485280,15.0,116.8,11.0
Illinois,State,1930,7630654,17.7,137.4,11.0
Illinois,State,1940,7897241,3.5,142.2,11.0
Illinois,State,1950,8712176,10.3,156.9,12.0
Illinois,State,1960,10081158,15.7,181.6,12.0
Illinois,State,1970,11113976,10.2,200.2,12.0
Illinois,State,1980,11426518,2.8,205.8,12.0
Illinois,State,1990,11430602,0.0,205.9,13.0
Illinois,State,2000,12419293,8.6,223.7,13.0
Illinois,State,2010,12830632,3.3,231.1,14.0
Illinois,State,2020,12812508,-0.1,230.8,14.0
Indiana,State,1910,2700876,7.3,75.4,13.0
Indiana,State,1920,2930390,8.5,81.8,13.0
Indiana,State,1930,3238503,10.5,90.4,13.0
Indiana,State,1940,3427796,5.8,95.7,13.0
Indiana,State,1950,3934224,14.8,109.8,14.0
Indiana,State,1960,4662498,18.5,130.1,14.0
Indiana,State,1970,5193669,11.4,145,14.0
Indiana,State,1980,5490224,5.7,153.2,15.0
Indiana,State,1990,5544159,1.0,154.8,18.0
Indiana,State,2000,6080485,9.7,169.7,18.0
Indiana,State,2010,6483802,6.6,181,18.0
Indiana,State,2020,6785528,4.7,189.4,18.0
Iowa,State,1910,2224771,-0.3,39.8,26.0
Iowa,State,1920,2404021,8.1,43,26.0
Iowa,State,1930,2470939,2.8,44.2,28.0
Iowa,State,1940,2538268,2.7,45.4,29.0
Iowa,State,1950,2621073,3.3,46.9,30.0
Iowa,State,1960,2757537,5.2,49.4,30.0
Iowa,State,1970,2824376,2.4,50.6,31.0
Iowa,State,1980,2913808,3.2,52.2,34.0
Iowa,State,1990,2776755,-4.7,49.7,35.0
Iowa,State,2000,2926324,5.4,52.4,35.0
Iowa,State,2010,3046355,4.1,54.5,38.0
Iowa,State,2020,3190369,4.7,57.1,38.0
Kansas,State,1910,1690949,15.0,20.7,35.0
Kansas,State,1920,1769257,4.6,21.6,36.0
Kansas,State,1930,1880999,6.3,23,38.0
Kansas,State,1940,1801028,-4.3,22,39.0
Kansas,State,1950,1905299,5.8,23.3,39.0
Kansas,State,1960,2178611,14.3,26.6,39.0
Kansas,State,1970,2246578,3.1,27.5,39.0
Kansas,State,1980,2363679,5.2,28.9,39.0
Kansas,State,1990,2477574,4.8,30.3,41.0
Kansas,State,2000,2688418,8.5,32.9,42.0
Kansas,State,2010,2853118,6.1,34.9,42.0
Kansas,State,2020,2937880,3.0,35.9,43.0
Kentucky,State,1910,2289905,6.6,58,14.0
Kentucky,State,1920,2416630,5.5,61.2,15.0
Kentucky,State,1930,2614589,8.2,66.2,16.0
Kentucky,State,1940,2845627,8.8,72.1,17.0
Kentucky,State,1950,2944806,3.5,74.6,20.0
Kentucky,State,1960,3038156,3.2,76.9,23.0
Kentucky,State,1970,3218706,5.9,81.5,25.0
Kentucky,State,1980,3660777,13.7,92.7,25.0
Kentucky,State,1990,3685296,0.7,93.3,25.0
Kentucky,State,2000,4041769,9.7,102.4,25.0
Kentucky,State,2010,4339367,7.4,109.9,24.0
Kentucky,State,2020,4505836,3.8,114.1,25.0
Louisiana,State,1910,1656388,19.9,38.3,29.0
Louisiana,State,1920,1798509,8.6,41.6,27.0
Louisiana,State,1930,2101593,16.9,48.6,27.0
Louisiana,State,1940,2363880,12.5,54.7,26.0
Louisiana,State,1950,2683516,13.5,62.1,25.0
Louisiana,State,1960,3257022,21.4,75.4,24.0
Louisiana,State,1970,3641306,11.8,84.3,22.0
Louisiana,State,1980,4205900,15.5,97.3,23.0
Louisiana,State,1990,4219973,0.3,97.7,24.0
Louisiana,State,2000,4468976,5.9,103.4,24.0
Louisiana,State,2010,4533372,1.4,104.9,26.0
Louisiana,State,2020,4657757,2.7,107.8,28.0
Maine,State,1910,742371,6.9,24.1,33.0
Maine,State,1920,768014,3.5,24.9,34.0
Maine,State,1930,797423,3.8,25.9,36.0
Maine,State,1940,847226,6.2,27.5,36.0
Maine,State,1950,913774,7.9,29.6,37.0
Maine,State,1960,969265,6.1,31.4,38.0
Maine,State,1970,992048,2.4,32.2,38.0
Maine,State,1980,1124660,13.4,36.5,38.0
Maine,State,1990,1227928,9.2,39.8,38.0
Maine,State,2000,1274923,3.8,41.3,40.0
Maine,State,2010,1328361,4.2,43.1,40.0
Maine,State,2020,1362359,2.6,44.2,40.0
Maryland,State,1910,1295346,9.0,133.4,9.0
Maryland,State,1920,1449661,11.9,149.3,9.0
Maryland,State,1930,1631526,12.5,168.1,9.0
Maryland,State,1940,1821244,11.6,187.6,9.0
Maryland,State,1950,2343001,28.6,241.4,8.0
Maryland,State,1960,3100689,32.3,319.4,8.0
Maryland,State,1970,3922399,26.5,404.1,7.0
Maryland,State,1980,4216975,7.5,434.4,7.0
Maryland,State,1990,4781468,13.4,492.6,7.0
Maryland,State,2000,5296486,10.8,545.6,7.0
Maryland,State,2010,5773552,9.0,594.8,7.0
Maryland,State,2020,6177224,7.0,636.1,7.0
Massachusetts,State,1910,3366416,20.0,431.6,3.0
Massachusetts,State,1920,3852356,14.4,493.9,3.0
Massachusetts,State,1930,4249614,10.3,544.8,4.0
Massachusetts,State,1940,4316721,1.6,553.4,4.0
Massachusetts,State,1950,4690514,8.7,601.3,5.0
Massachusetts,State,1960,5148578,9.8,660.1,5.0
Massachusetts,State,1970,5689170,10.5,729.4,5.0
Massachusetts,State,1980,5737037,0.8,735.5,5.0
Massachusetts,State,1990,6016425,4.9,771.3,5.0
Massachusetts,State,2000,6349097,5.5,814,5.0
Massachusetts,State,2010,6547629,3.1,839.4,5.0
Massachusetts,State,2020,7029917,7.4,901.2,5.0
Michigan,State,1910,2810173,16.1,49.7,19.0
Michigan,State,1920,3668412,30.5,64.9,14.0
Michigan,State,1930,4842325,32.0,85.6,14.0
Michigan,State,1940,5256106,8.5,93,14.0
Michigan,State,1950,6371766,21.2,112.7,13.0
Michigan,State,1960,7823194,22.8,138.4,13.0
Michigan,State,1970,8875083,13.4,157,13.0
Michigan,State,1980,9262078,4.4,163.8,14.0
Michigan,State,1990,9295297,0.4,164.4,16.0
Michigan,State,2000,9938444,6.9,175.8,17.0
Michigan,State,2010,9883640,-0.6,174.8,19.0
Michigan,State,2020,10077331,2.0,178,20.0
Midwest Region,Region,1910,29888542,13.5,,
Midwest Region,Region,1920,34019792,13.8,,
Midwest Region,Region,1930,38594100,13.4,,
Midwest Region,Region,1940,40143332,4.0,,
Midwest Region,Region,1950,44460762,10.8,,
Midwest Region,Region,1960,51619139,16.1,,
Midwest Region,Region,1970,56571663,9.6,,
Midwest Region,Region,1980,58865670,4.1,,
Midwest Region,Region,1990,59668632,1.4,,
Midwest Region,Region,2000,64392776,7.9,,
Midwest Region,Region,2010,66927001,3.9,,
Midwest Region,Region,2020,68985454,3.1,,
Minnesota,State,1910,2075708,18.5,26.1,32.0
Minnesota,State,1920,2387125,15.0,30,32.0
Minnesota,State,1930,2563953,7.4,32.2,34.0
Minnesota,State,1940,2792300,8.9,35.1,34.0
Minnesota,State,1950,2982483,6.8,37.5,33.0
Minnesota,State,1960,3413864,14.5,42.9,32.0
Minnesota,State,1970,3804971,11.5,47.8,33.0
Minnesota,State,1980,4075970,7.1,51.2,35.0
Minnesota,State,1990,4375099,7.3,54.9,33.0
Minnesota,State,2000,4919479,12.4,61.8,33.0
Minnesota,State,2010,5303925,7.8,66.6,33.0
Minnesota,State,2020,5706494,7.6,71.7,32.0
Mississippi,State,1910,1797114,15.8,38.3,28.0
Mississippi,State,1920,1790618,-0.4,38.2,29.0
Mississippi,State,1930,2009821,12.2,42.8,29.0
Mississippi,State,1940,2183796,8.7,46.5,28.0
Mississippi,State,1950,2178914,-0.2,46.4,31.0
Mississippi,State,1960,2178141,0.0,46.4,31.0
Mississippi,State,1970,2216912,1.8,47.2,34.0
Mississippi,State,1980,2520638,13.7,53.7,33.0
Mississippi,State,1990,2573216,2.1,54.8,34.0
Mississippi,State,2000,2844658,10.5,60.6,34.0
Mississippi,State,2010,2967297,4.3,63.2,34.0
Mississippi,State,2020,2961279,-0.2,63.1,34.0
Missouri,State,1910,3293335,6.0,47.9,21.0
Missouri,State,1920,3404055,3.4,49.5,22.0
Missouri,State,1930,3629367,6.6,52.8,23.0
Missouri,State,1940,3784664,4.3,55.1,24.0
Missouri,State,1950,3954653,4.5,57.5,28.0
Missouri,State,1960,4319813,9.2,62.8,29.0
Missouri,State,1970,4676501,8.3,68,28.0
Missouri,State,1980,4916686,5.1,71.5,29.0
Missouri,State,1990,5117073,4.1,74.4,29.0
Missouri,State,2000,5595211,9.3,81.4,29.0
Missouri,State,2010,5988927,7.0,87.1,30.0
Missouri,State,2020,6154913,2.8,89.5,30.0
Montana,State,1910,376053,54.5,2.6,48.0
Montana,State,1920,548889,46.0,3.8,47.0
Montana,State,1930,537606,-2.1,3.7,48.0
Montana,State,1940,559456,4.1,3.8,49.0
Montana,State,1950,591024,5.6,4.1,49.0
Montana,State,1960,674767,14.2,4.6,49.0
Montana,State,1970,694409,2.9,4.8,49.0
Montana,State,1980,786690,13.3,5.4,50.0
Montana,State,1990,799065,1.6,5.5,50.0
Montana,State,2000,902195,12.9,6.2,50.0
Montana,State,2010,989415,9.7,6.8,50.0
Montana,State,2020,1084225,9.6,7.4,50.0
Nebraska,State,1910,1192214,11.8,15.5,37.0
Nebraska,State,1920,1296372,8.7,16.9,40.0
Nebraska,State,1930,1377963,6.3,17.9,40.0
Nebraska,State,1940,1315834,-4.5,17.1,40.0
Nebraska,State,1950,1325510,0.7,17.3,40.0
Nebraska,State,1960,1411330,6.5,18.4,40.0
Nebraska,State,1970,1483493,5.1,19.3,42.0
Nebraska,State,1980,1569825,5.8,20.4,43.0
Nebraska,State,1990,1578385,0.5,20.5,44.0
Nebraska,State,2000,1711263,8.4,22.3,44.0
Nebraska,State,2010,1826341,6.7,23.8,45.0
Nebraska,State,2020,1961504,7.4,25.5,45.0
Nevada,State,1910,81875,93.4,0.7,51.0
Nevada,State,1920,77407,-5.5,0.7,51.0
Nevada,State,1930,91058,17.6,0.8,51.0
Nevada,State,1940,110247,21.1,1,51.0
Nevada,State,1950,160083,45.2,1.5,51.0
Nevada,State,1960,285278,78.2,2.6,51.0
Nevada,State,1970,488738,71.3,4.5,50.0
Nevada,State,1980,800493,63.8,7.3,49.0
Nevada,State,1990,1201833,50.1,10.9,47.0
Nevada,State,2000,1998257,66.3,18.2,45.0
Nevada,State,2010,2700551,35.1,24.6,44.0
Nevada,State,2020,3104614,15.0,28.3,44.0
New Hampshire,State,1910,430572,4.6,48.1,20.0
New Hampshire,State,1920,443083,2.9,49.5,22.0
New Hampshire,State,1930,465293,5.0,52,25.0
New Hampshire,State,1940,491524,5.6,54.9,25.0
New Hampshire,State,1950,533242,8.5,59.6,26.0
New Hampshire,State,1960,606921,13.8,67.8,27.0
New Hampshire,State,1970,737681,21.5,82.4,23.0
New Hampshire,State,1980,920610,24.8,102.8,22.0
New Hampshire,State,1990,1109252,20.5,123.9,20.0
New Hampshire,State,2000,1235786,11.4,138,22.0
New Hampshire,State,2010,1316470,6.5,147,23.0
New Hampshire,State,2020,1377529,4.6,153.8,23.0
New Jersey,State,1910,2537167,34.7,345,4.0
New Jersey,State,1920,3155900,24.4,429.1,4.0
New Jersey,State,1930,4041334,28.1,549.5,3.0
New Jersey,State,1940,4160165,2.9,565.7,3.0
New Jersey,State,1950,4835329,16.2,657.5,4.0
New Jersey,State,1960,6066782,25.5,824.9,3.0
New Jersey,State,1970,7168164,18.2,974.7,2.0
New Jersey,State,1980,7364823,2.7,"1,001.40",2.0
New Jersey,State,1990,7730188,5.0,"1,051.10",2.0
New Jersey,State,2000,8414350,8.9,"1,144.20",2.0
New Jersey,State,2010,8791894,4.5,"1,195.50",2.0
New Jersey,State,2020,9288994,5.7,"1,263.00",2.0
New Mexico,State,1910,327301,67.6,2.7,47.0
New Mexico,State,1920,360350,10.1,3,48.0
New Mexico,State,1930,423317,17.5,3.5,49.0
New Mexico,State,1940,531818,25.6,4.4,47.0
New Mexico,State,1950,681187,28.1,5.6,48.0
New Mexico,State,1960,951023,39.6,7.8,48.0
New Mexico,State,1970,1016000,6.8,8.4,48.0
New Mexico,State,1980,1302894,28.2,10.7,46.0
New Mexico,State,1990,1515069,16.3,12.5,45.0
New Mexico,State,2000,1819046,20.1,15,47.0
New Mexico,State,2010,2059179,13.2,17,47.0
New Mexico,State,2020,2117522,2.8,17.5,47.0
New York,State,1910,9113614,25.4,193.4,7.0
New York,State,1920,10385227,14.0,220.4,7.0
New York,State,1930,12588066,21.2,267.1,7.0
New York,State,1940,13479142,7.1,286,7.0
New York,State,1950,14830192,10.0,314.7,7.0
New York,State,1960,16782304,13.2,356.1,7.0
New York,State,1970,18236967,8.7,387,8.0
New York,State,1980,17558072,-3.7,372.6,8.0
New York,State,1990,17990455,2.5,381.7,8.0
New York,State,2000,18976457,5.5,402.7,8.0
New York,State,2010,19378102,2.1,411.2,9.0
New York,State,2020,20201249,4.2,428.7,9.0
North Carolina,State,1910,2206287,16.5,45.4,22.0
North Carolina,State,1920,2559123,16.0,52.6,20.0
North Carolina,State,1930,3170276,23.9,65.2,17.0
North Carolina,State,1940,3571623,12.7,73.5,16.0
North Carolina,State,1950,4061929,13.7,83.5,17.0
North Carolina,State,1960,4556155,12.2,93.7,18.0
North Carolina,State,1970,5082059,11.5,104.5,19.0
North Carolina,State,1980,5881766,15.7,121,19.0
North Carolina,State,1990,6628637,12.7,136.3,19.0
North Carolina,State,2000,8049313,21.4,165.6,19.0
North Carolina,State,2010,9535483,18.5,196.1,17.0
North Carolina,State,2020,10439388,9.5,214.7,17.0
North Dakota,State,1910,577056,80.8,8.4,41.0
North Dakota,State,1920,646872,12.1,9.4,41.0
North Dakota,State,1930,680845,5.3,9.9,42.0
North Dakota,State,1940,641935,-5.7,9.3,43.0
North Dakota,State,1950,619636,-3.5,9,43.0
North Dakota,State,1960,632446,2.1,9.2,45.0
North Dakota,State,1970,617761,-2.3,9,45.0
North Dakota,State,1980,652717,5.7,9.5,47.0
North Dakota,State,1990,638800,-2.1,9.3,48.0
North Dakota,State,2000,642200,0.5,9.3,49.0
North Dakota,State,2010,672591,4.7,9.7,49.0
North Dakota,State,2020,779094,15.8,11.3,49.0
Northeast Region,Region,1910,25868573,22.9,,
Northeast Region,Region,1920,29662053,14.7,,
Northeast Region,Region,1930,34427091,16.1,,
Northeast Region,Region,1940,35976777,4.5,,
Northeast Region,Region,1950,39477986,9.7,,
Northeast Region,Region,1960,44677819,13.2,,
Northeast Region,Region,1970,49040703,9.8,,
Northeast Region,Region,1980,49135283,0.2,,
Northeast Region,Region,1990,50809229,3.4,,
Northeast Region,Region,2000,53594378,5.5,,
Northeast Region,Region,2010,55317240,3.2,,
Northeast Region,Region,2020,57609148,4.1,,
Ohio,State,1910,4767121,14.7,116.7,10.0
Ohio,State,1920,5759394,20.8,141,10.0
Ohio,State,1930,6646697,15.4,162.7,10.0
Ohio,State,1940,6907612,3.9,169.1,10.0
Ohio,State,1950,7946627,15.0,194.5,10.0
Ohio,State,1960,9706397,22.1,237.5,10.0
Ohio,State,1970,10652017,9.7,260.7,11.0
Ohio,State,1980,10797630,1.4,264.3,11.0
Ohio,State,1990,10847115,0.5,265.5,11.0
Ohio,State,2000,11353140,4.7,277.8,11.0
Ohio,State,2010,11536504,1.6,282.3,12.0
Ohio,State,2020,11799448,2.3,288.8,12.0
Oklahoma,State,1910,1657155,109.7,24.2,33.0
Oklahoma,State,1920,2028283,22.4,29.6,33.0
Oklahoma,State,1930,2396040,18.1,34.9,33.0
Oklahoma,State,1940,2336434,-2.5,34.1,35.0
Oklahoma,State,1950,2233351,-4.4,32.6,36.0
Oklahoma,State,1960,2328284,4.3,33.9,37.0
Oklahoma,State,1970,2559229,9.9,37.3,36.0
Oklahoma,State,1980,3025290,18.2,44.1,36.0
Oklahoma,State,1990,3145585,4.0,45.9,36.0
Oklahoma,State,2000,3450654,9.7,50.3,37.0
Oklahoma,State,2010,3751351,8.7,54.7,37.0
Oklahoma,State,2020,3959353,5.5,57.7,37.0
Oregon,State,1910,672765,62.7,7,44.0
Oregon,State,1920,783389,16.4,8.2,44.0
Oregon,State,1930,953786,21.8,9.9,42.0
Oregon,State,1940,1089684,14.2,11.4,41.0
Oregon,State,1950,1521341,39.6,15.8,41.0
Oregon,State,1960,1768687,16.3,18.4,40.0
Oregon,State,1970,2091385,18.2,21.8,40.0
Oregon,State,1980,2633105,25.9,27.4,41.0
Oregon,State,1990,2842321,7.9,29.6,42.0
Oregon,State,2000,3421399,20.4,35.6,41.0
Oregon,State,2010,3831074,12.0,39.9,41.0
Oregon,State,2020,4237256,10.6,44.1,41.0
Pennsylvania,State,1910,7665111,21.6,171.3,8.0
Pennsylvania,State,1920,8720017,13.8,194.9,8.0
Pennsylvania,State,1930,9631350,10.5,215.3,8.0
Pennsylvania,State,1940,9900180,2.8,221.3,8.0
Pennsylvania,State,1950,10498012,6.0,234.6,9.0
Pennsylvania,State,1960,11319366,7.8,253,9.0
Pennsylvania,State,1970,11793909,4.2,263.6,10.0
Pennsylvania,State,1980,11863895,0.6,265.2,10.0
Pennsylvania,State,1990,11881643,0.1,265.6,10.0
Pennsylvania,State,2000,12281054,3.4,274.5,12.0
Pennsylvania,State,2010,12702379,3.4,283.9,11.0
Pennsylvania,State,2020,13002700,2.4,290.6,11.0
Puerto Rico,State,1910,1118012,17.3,326.5,5.0
Puerto Rico,State,1920,1299809,16.3,379.6,5.0
Puerto Rico,State,1930,1543913,18.8,450.9,5.0
Puerto Rico,State,1940,1869255,21.1,546,5.0
Puerto Rico,State,1950,2210703,18.3,645.7,2.0
Puerto Rico,State,1960,2349544,6.3,686.2,4.0
Puerto Rico,State,1970,2712033,15.4,792.1,4.0
Puerto Rico,State,1980,3196520,17.9,933.6,3.0
Puerto Rico,State,1990,3522037,10.2,"1,028.70",3.0
Puerto Rico,State,2000,3808610,8.1,"1,112.40",3.0
Puerto Rico,State,2010,3725789,-2.2,"1,088.20",3.0
Puerto Rico,State,2020,3285874,-11.8,959.6,4.0
Rhode Island,State,1910,542610,26.6,524.9,2.0
Rhode Island,State,1920,604397,11.4,584.6,2.0
Rhode Island,State,1930,687497,13.7,665,2.0
Rhode Island,State,1940,713346,3.8,690,2.0
Rhode Island,State,1950,791896,11.0,766,3.0
Rhode Island,State,1960,859488,8.5,831.4,2.0
Rhode Island,State,1970,946725,10.1,915.8,3.0
Rhode Island,State,1980,947154,0.0,916.2,4.0
Rhode Island,State,1990,1003464,5.9,970.6,4.0
Rhode Island,State,2000,1048319,4.5,"1,014.00",4.0
Rhode Island,State,2010,1052567,0.4,"1,018.10",4.0
Rhode Island,State,2020,1097379,4.3,"1,061.40",3.0
South Carolina,State,1910,1515400,13.1,50.4,18.0
South Carolina,State,1920,1683724,11.1,56,19.0
South Carolina,State,1930,1738765,3.3,57.8,20.0
South Carolina,State,1940,1899804,9.3,63.2,21.0
South Carolina,State,1950,2117027,11.4,70.4,21.0
South Carolina,State,1960,2382594,12.5,79.3,21.0
South Carolina,State,1970,2590516,8.7,86.2,21.0
South Carolina,State,1980,3121820,20.5,103.9,21.0
South Carolina,State,1990,3486703,11.7,116,22.0
South Carolina,State,2000,4012012,15.1,133.5,23.0
South Carolina,State,2010,4625364,15.3,153.9,22.0
South Carolina,State,2020,5118425,10.7,170.2,21.0
South Dakota,State,1910,583888,45.4,7.7,42.0
South Dakota,State,1920,636547,9.0,8.4,43.0
South Dakota,State,1930,692849,8.8,9.1,44.0
South Dakota,State,1940,642961,-7.2,8.5,44.0
South Dakota,State,1950,652740,1.5,8.6,44.0
South Dakota,State,1960,680514,4.3,9,46.0
South Dakota,State,1970,665507,-2.2,8.8,46.0
South Dakota,State,1980,690768,3.8,9.1,48.0
South Dakota,State,1990,696004,0.8,9.2,49.0
South Dakota,State,2000,754844,8.5,10,48.0
South Dakota,State,2010,814180,7.9,10.7,48.0
South Dakota,State,2020,886667,8.9,11.7,48.0
South Region,Region,1910,29389330,19.8,,
South Region,Region,1920,33125803,12.7,,
South Region,Region,1930,37857633,14.3,,
South Region,Region,1940,41665901,10.1,,
South Region,Region,1950,47197088,13.3,,
South Region,Region,1960,54973113,16.5,,
South Region,Region,1970,62795367,14.2,,
South Region,Region,1980,75372362,20.0,,
South Region,Region,1990,85445930,13.4,,
South Region,Region,2000,100236820,17.3,,
South Region,Region,2010,114555744,14.3,,
South Region,Region,2020,126266107,10.2,,
Tennessee,State,1910,2184789,8.1,53,15.0
Tennessee,State,1920,2337885,7.0,56.7,18.0
Tennessee,State,1930,2616556,11.9,63.5,18.0
Tennessee,State,1940,2915841,11.4,70.7,18.0
Tennessee,State,1950,3291718,12.9,79.8,18.0
Tennessee,State,1960,3567089,8.4,86.5,20.0
Tennessee,State,1970,3923687,10.0,95.2,20.0
Tennessee,State,1980,4591120,17.0,111.3,20.0
Tennessee,State,1990,4877185,6.2,118.3,21.0
Tennessee,State,2000,5689283,16.7,138,21.0
Tennessee,State,2010,6346105,11.5,153.9,21.0
Tennessee,State,2020,6910840,8.9,167.6,22.0
Texas,State,1910,3896542,27.8,14.9,39.0
Texas,State,1920,4663228,19.7,17.9,39.0
Texas,State,1930,5824715,24.9,22.3,39.0
Texas,State,1940,6414824,10.1,24.6,38.0
Texas,State,1950,7711194,20.2,29.5,38.0
Texas,State,1960,9579677,24.2,36.7,35.0
Texas,State,1970,11196730,16.9,42.9,35.0
Texas,State,1980,14229191,27.1,54.5,32.0
Texas,State,1990,16986510,19.4,65,31.0
Texas,State,2000,20851820,22.8,79.8,30.0
Texas,State,2010,25145561,20.6,96.3,28.0
Texas,State,2020,29145505,15.9,111.6,26.0
United States,Nation,1910,92228531,21.0,26,
United States,Nation,1920,106021568,15.0,29.9,
United States,Nation,1930,123202660,16.2,34.7,
United States,Nation,1940,132165129,7.3,37.2,
United States,Nation,1950,151325798,14.5,42.6,
United States,Nation,1960,179323175,18.5,50.6,
United States,Nation,1970,203211926,13.3,57.5,
United States,Nation,1980,226545805,11.5,64.1,
United States,Nation,1990,248709873,9.8,70.4,
United States,Nation,2000,281421906,13.2,79.7,
United States,Nation,2010,308745538,9.7,87.4,
United States,Nation,2020,331449281,7.4,93.8,
Utah,State,1910,373351,34.9,4.5,45.0
Utah,State,1920,449396,20.4,5.5,45.0
Utah,State,1930,507847,13.0,6.2,45.0
Utah,State,1940,550310,8.4,6.7,45.0
Utah,State,1950,688862,25.2,8.4,45.0
Utah,State,1960,890627,29.3,10.8,44.0
Utah,State,1970,1059273,18.9,12.9,44.0
Utah,State,1980,1461037,37.9,17.8,44.0
Utah,State,1990,1722850,17.9,21,43.0
Utah,State,2000,2233169,29.6,27.2,43.0
Utah,State,2010,2763885,23.8,33.6,43.0
Utah,State,2020,3271616,18.4,39.7,42.0
Vermont,State,1910,355956,3.6,38.6,27.0
Vermont,State,1920,352428,-1.0,38.2,30.0
Vermont,State,1930,359611,2.0,39,30.0
Vermont,State,1940,359231,-0.1,39,31.0
Vermont,State,1950,377747,5.2,41,32.0
Vermont,State,1960,389881,3.2,42.3,34.0
Vermont,State,1970,444330,14.0,48.2,32.0
Vermont,State,1980,511456,15.1,55.5,31.0
Vermont,State,1990,562758,10.0,61.1,32.0
Vermont,State,2000,608827,8.2,66.1,32.0
Vermont,State,2010,625741,2.8,67.9,32.0
Vermont,State,2020,643077,2.8,69.8,33.0
Virginia,State,1910,2061612,11.2,52.2,16.0
Virginia,State,1920,2309187,12.0,58.5,17.0
Virginia,State,1930,2421851,4.9,61.3,19.0
Virginia,State,1940,2677773,10.6,67.8,19.0
Virginia,State,1950,3318680,23.9,84,16.0
Virginia,State,1960,3966949,19.5,100.5,16.0
Virginia,State,1970,4648494,17.2,117.7,18.0
Virginia,State,1980,5346818,15.0,135.4,18.0
Virginia,State,1990,6187358,15.7,156.7,17.0
Virginia,State,2000,7078515,14.4,179.2,16.0
Virginia,State,2010,8001024,13.0,202.6,16.0
Virginia,State,2020,8631393,7.9,218.6,16.0
Washington,State,1910,1141990,120.4,17.2,36.0
Washington,State,1920,1356621,18.8,20.4,37.0
Washington,State,1930,1563396,15.2,23.5,37.0
Washington,State,1940,1736191,11.1,26.1,37.0
Washington,State,1950,2378963,37.0,35.8,35.0
Washington,State,1960,2853214,19.9,42.9,32.0
Washington,State,1970,3409169,19.5,51.3,30.0
Washington,State,1980,4132156,21.2,62.2,30.0
Washington,State,1990,4866692,17.8,73.2,30.0
Washington,State,2000,5894121,21.1,88.7,27.0
Washington,State,2010,6724540,14.1,101.2,27.0
Washington,State,2020,7705281,14.6,115.9,24.0
West Region,Region,1910,7082086,64.4,,
West Region,Region,1920,9213920,30.1,,
West Region,Region,1930,12323836,33.8,,
West Region,Region,1940,14379119,16.7,,
West Region,Region,1950,20189962,40.4,,
West Region,Region,1960,28053104,38.9,,
West Region,Region,1970,34804193,24.1,,
West Region,Region,1980,43172490,24.0,,
West Region,Region,1990,52786082,22.3,,
West Region,Region,2000,63197932,19.7,,
West Region,Region,2010,71945553,13.8,,
West Region,Region,2020,78588572,9.2,,
West Virginia,State,1910,1221119,27.4,50.8,17.0
West Virginia,State,1920,1463701,19.9,60.9,15.0
West Virginia,State,1930,1729205,18.1,71.9,15.0
West Virginia,State,1940,1901974,10.0,79.1,15.0
West Virginia,State,1950,2005552,5.4,83.4,15.0
West Virginia,State,1960,1860421,-7.2,77.4,22.0
West Virginia,State,1970,1744237,-6.2,72.6,27.0
West Virginia,State,1980,1949644,11.8,81.1,27.0
West Virginia,State,1990,1793477,-8.0,74.6,28.0
West Virginia,State,2000,1808344,0.8,75.2,31.0
West Virginia,State,2010,1852994,2.5,77.1,31.0
West Virginia,State,2020,1793716,-3.2,74.6,31.0
Wisconsin,State,1910,2333860,12.8,43.1,24.0
Wisconsin,State,1920,2632067,12.8,48.6,24.0
Wisconsin,State,1930,2939006,11.7,54.3,22.0
Wisconsin,State,1940,3137587,6.8,57.9,22.0
Wisconsin,State,1950,3434575,9.5,63.4,23.0
Wisconsin,State,1960,3951777,15.1,73,25.0
Wisconsin,State,1970,4417731,11.8,81.6,24.0
Wisconsin,State,1980,4705767,6.5,86.9,26.0
Wisconsin,State,1990,4891769,4.0,90.3,26.0
Wisconsin,State,2000,5363675,9.6,99,26.0
Wisconsin,State,2010,5686986,6.0,105,25.0
Wisconsin,State,2020,5893718,3.6,108.8,27.0
Wyoming,State,1910,145965,57.7,1.5,50.0
Wyoming,State,1920,194402,33.2,2,50.0
Wyoming,State,1930,225565,16.0,2.3,50.0
Wyoming,State,1940,250742,11.2,2.6,50.0
Wyoming,State,1950,290529,15.9,3,50.0
Wyoming,State,1960,330066,13.6,3.4,50.0
Wyoming,State,1970,332416,0.7,3.4,51.0
Wyoming,State,1980,469557,41.3,4.8,51.0
Wyoming,State,1990,453588,-3.4,4.7,51.0
Wyoming,State,2000,493782,8.9,5.1,51.0
Wyoming,State,2010,563626,14.1,5.8,51.0
Wyoming,State,2020,576851,2.3,5.9,51.0
